pair_unit,frequency
FW-DEL:CCONJ-DEL→ABSENT,207
FW-DEL:ART-DEL→ABSENT,1065
FW-DEL:AUX-DEL→ABSENT,1171
C-DEL:NOUN-DEL→ABSENT,598
C-ADD:ABSENT→NOUN-ADD,516
DEP-REL-CHG:det→root,64
DEP-REL-CHG:nsubj→mark,41
DEP-REL-CHG:aux→acl,26
DEP-REL-CHG:root→nummod,58
DEP-REL-CHG:nummod→compound,40
DEP-REL-CHG:compound→obj,97
DEP-REL-CHG:compound→punct,118
DEP-REL-CHG:cc→nummod,4
DEP-REL-CHG:compound→appos,23
DEP-REL-CHG:obj→det,6
DEP-REL-CHG:det→nmod:unmarked,3
LENGTH-CHG:15→13,12
CONST-ADD:ABSENT→SBAR-ADD,19
CONST-MOV:CONST-FRONT→CONST-FRONT,11805
CONST-MOV:CONST-POST→CONST-POST,1294
CLAUSE-TYPE-CHG:Fin→Inf,749
TED-SIMPLE:10→10,1128
TED-ZHANG-SHASHA:21→21,29
TED-KLEIN:13→13,28
TED-RTED:18→18,36
FW-DEL:PRON-PERS-DEL→ABSENT,268
FW-ADD:ABSENT→SCONJ-ADD,12
C-DEL:ADV-DEL→ABSENT,7
FORM-CHG:asked→asks,1
DEP-REL-CHG:root→flat,20
DEP-REL-CHG:case→flat,49
DEP-REL-CHG:nmod:poss→punct,32
DEP-REL-CHG:amod→root,37
DEP-REL-CHG:obl→obj,19
DEP-REL-CHG:advmod→mark,5
DEP-REL-CHG:iobj→case,6
DEP-REL-CHG:case→amod,65
FEAT-CHG:Tense=Past→Tense=Pres,42
LENGTH-CHG:13→12,10
TED-ZHANG-SHASHA:29→29,11
TED-KLEIN:16→16,46
TED-RTED:27→27,35
FW-DEL:SCONJ-DEL→ABSENT,253
FW-ADD:ABSENT→PRON-PERS-ADD,88
C-DEL:VERB-DEL→ABSENT,609
DEP-REL-CHG:nsubj→vocative,7
DEP-REL-CHG:flat→punct,27
DEP-REL-CHG:aux→nsubj,42
DEP-REL-CHG:root→cop,17
DEP-REL-CHG:mark→root,30
DEP-REL-CHG:nsubj→advmod,42
DEP-REL-CHG:cc→nsubj,5
DEP-REL-CHG:conj→advcl,1
DEP-REL-CHG:cop→case,19
DEP-REL-CHG:ccomp→obl,26
DEP-REL-CHG:advmod→punct,27
DEP-REL-CHG:nsubj→parataxis,16
DEP-REL-CHG:advcl→flat,5
LENGTH-CHG:16→13,31
CLAUSE-TYPE-CHG:Part→Fin,1341
TED-ZHANG-SHASHA:23→23,20
TED-KLEIN:12→12,113
C-DEL:ADJ-DEL→ABSENT,191
DEP-REL-CHG:aux→advmod,26
DEP-REL-CHG:advmod→root,8
DEP-REL-CHG:root→case,144
DEP-REL-CHG:case→compound,123
DEP-REL-CHG:det→obl,76
DEP-REL-CHG:compound→nsubj,98
DEP-REL-CHG:amod→acl:relcl,2
DEP-REL-CHG:obl→punct,50
DEP-REL-CHG:nsubj→xcomp,19
DEP-REL-CHG:acl:relcl→flat,2
HEAD-CHG:4→3,40
HEAD-CHG:13→10,2
LENGTH-CHG:16→12,56
CONST-REM:ADJP-REM→ABSENT,24
TED-ZHANG-SHASHA:15→15,48
TED-KLEIN:9→9,15
TED-RTED:13→13,45
DEP-REL-CHG:det→nsubj,164
DEP-REL-CHG:compound→root,72
DEP-REL-CHG:amod→obj,55
DEP-REL-CHG:nsubj→cc,4
DEP-REL-CHG:root→advmod,27
DEP-REL-CHG:punct→conj,12
DEP-REL-CHG:punct→nmod:poss,20
DEP-REL-CHG:nsubj→obj,62
DEP-REL-CHG:ccomp→advmod,7
DEP-REL-CHG:obj→punct,84
DEP-REL-CHG:cc→compound,17
DEP-REL-CHG:aux→parataxis,12
LENGTH-CHG:20→13,20
CONST-REM:SBAR-REM→ABSENT,295
CLAUSE-TYPE-CHG:Inf→Fin,445
TED-RTED:28→28,28
DEP-REL-CHG:aux→flat,22
DEP-REL-CHG:root→punct,63
DEP-REL-CHG:mark→flat,13
DEP-REL-CHG:nsubj→flat,26
DEP-REL-CHG:flat→aux,14
DEP-REL-CHG:cc→advmod,4
DEP-REL-CHG:conj→root,4
DEP-REL-CHG:conj→punct,10
LENGTH-CHG:13→10,36
CLAUSE-TYPE-CHG:Fin→Part,612
TED-ZHANG-SHASHA:16→16,34
TED-KLEIN:10→10,154
TED-RTED:19→19,35
C-ADD:ABSENT→VERB-ADD,99
DEP-REL-CHG:nsubj→root,272
DEP-REL-CHG:cc→punct,44
DEP-REL-CHG:conj→appos,14
DEP-REL-CHG:case→nummod,43
DEP-REL-CHG:compound→nmod,38
DEP-REL-CHG:root→mark,41
DEP-REL-CHG:mark→acl,15
DEP-REL-CHG:acl→compound,12
LENGTH-CHG:13→11,22
TED-ZHANG-SHASHA:13→13,42
TED-KLEIN:14→14,81
TED-RTED:12→12,49
DEP-REL-CHG:amod→aux,3
DEP-REL-CHG:aux→punct,62
DEP-REL-CHG:root→conj,4
DEP-REL-CHG:mark→punct,45
DEP-REL-CHG:nsubj→conj,7
DEP-REL-CHG:ccomp→appos,18
LENGTH-CHG:17→10,7
TED-ZHANG-SHASHA:26→26,15
TED-KLEIN:17→17,28
DEP-REL-CHG:aux→root,245
DEP-REL-CHG:root→obj,136
HEAD-CHG:3→2,86
LENGTH-CHG:5→3,1
TED-SIMPLE:6→6,3
TED-ZHANG-SHASHA:6→6,27
TED-KLEIN:7→7,6
TED-RTED:6→6,26
FORM-CHG:lost→lose,1
DEP-REL-CHG:obj→compound,66
DEP-REL-CHG:obl→case,71
DEP-REL-CHG:case→det,13
HEAD-CHG:6→8,1
HEAD-CHG:4→6,1
LENGTH-CHG:17→14,29
TED-ZHANG-SHASHA:14→14,41
FORM-CHG:is→being,1
DEP-REL-CHG:aux→aux:pass,11
DEP-REL-CHG:aux:pass→root,17
HEAD-CHG:15→14,1
FEAT-CHG:Number=Sing→Number=ABSENT,7
FEAT-CHG:Mood=Ind→Mood=ABSENT,7
FEAT-CHG:Person=3→Person=ABSENT,8
FEAT-CHG:VerbForm=Fin→VerbForm=Part,1
VERB-FORM-CHG:Fin→Part,1
LENGTH-CHG:16→14,11
CLAUSE-TYPE-CHG:Fin→Ger,140
TED-SIMPLE:5→5,1
TED-ZHANG-SHASHA:5→5,10
TED-RTED:5→5,10
DEP-REL-CHG:root→xcomp,20
DEP-REL-CHG:xcomp→case,22
DEP-REL-CHG:case→obl,165
HEAD-CHG:5→4,13
LENGTH-CHG:10→7,8
CLAUSE-TYPE-CHG:Ger→Fin,66
TED-ZHANG-SHASHA:8→8,53
TED-RTED:8→8,50
FW-DEL:ADP-DEL→ABSENT,246
DEP-REL-CHG:det→punct,99
DEP-REL-CHG:nsubj→compound,87
DEP-REL-CHG:case→punct,105
DEP-REL-CHG:punct→nsubj,45
DEP-REL-CHG:nmod→aux,1
DEP-REL-CHG:punct→root,48
DEP-REL-CHG:aux→obj,97
DEP-REL-CHG:det→compound,251
DEP-REL-CHG:obj→nsubj:pass,1
DEP-REL-CHG:mark→aux:pass,5
DEP-REL-CHG:nmod:poss→advcl,5
LENGTH-CHG:19→13,30
CONST-REM:PP-REM→ABSENT,49
TED-RTED:22→22,41
POS-CHG:VERB→NOUN,47
DEP-REL-CHG:mark→compound,38
DEP-REL-CHG:det→amod,89
DEP-REL-CHG:nsubj→punct,90
LENGTH-CHG:13→8,6
TED-ZHANG-SHASHA:25→25,16
TED-RTED:31→31,23
DEP-REL-CHG:amod→nsubj,63
DEP-REL-CHG:nsubj:pass→flat,6
DEP-REL-CHG:appos→flat,11
DEP-REL-CHG:flat→root,57
DEP-REL-CHG:aux→case,82
DEP-REL-CHG:aux:pass→obl,15
TED-KLEIN:22→22,22
TED-RTED:16→16,40
DEP-REL-CHG:mark→det,10
DEP-REL-CHG:cop→compound,5
DEP-REL-CHG:det→nmod,55
DEP-REL-CHG:ccomp→punct,38
DEP-REL-CHG:case→appos,46
HEAD-CHG:3→5,2
LENGTH-CHG:14→10,40
C-ADD:ABSENT→ADJ-ADD,69
FORM-CHG:hit→hits,1
DEP-REL-CHG:nmod:poss→amod,28
DEP-REL-CHG:obj→case,130
DEP-REL-CHG:amod→obl,43
DEP-REL-CHG:obl→nummod,17
LENGTH-CHG:12→10,24
DEP-REL-CHG:root→compound,112
LENGTH-CHG:10→6,2
TED-ZHANG-SHASHA:12→12,46
TED-KLEIN:11→11,17
POS-CHG:NOUN→VERB,16
DEP-REL-CHG:flat→nsubj,24
DEP-REL-CHG:aux→advcl,8
DEP-REL-CHG:punct→advmod,15
DEP-REL-CHG:mark→nsubj,29
DEP-REL-CHG:advcl→vocative,1
DEP-REL-CHG:punct→flat,24
HEAD-CHG:18→3,1
LENGTH-CHG:23→13,3
TED-RTED:41→41,7
DEP-REL-CHG:punct→amod,65
DEP-REL-CHG:amod→compound,85
LENGTH-CHG:14→11,59
TED-KLEIN:24→24,12
TED-RTED:9→9,44
DEP-REL-CHG:case→mark,28
DEP-REL-CHG:punct→nummod,13
DEP-REL-CHG:acl→obj,8
DEP-REL-CHG:xcomp→compound,23
DEP-REL-CHG:nummod→nsubj,11
DEP-REL-CHG:obj→root,10
DEP-REL-CHG:nummod→nmod,12
LENGTH-CHG:17→13,34
TED-ZHANG-SHASHA:22→22,25
TED-KLEIN:25→25,13
TED-RTED:21→21,34
DEP-REL-CHG:det→aux,14
DEP-REL-CHG:aux→acl:relcl,3
DEP-REL-CHG:mark→xcomp,25
DEP-REL-CHG:nsubj→nummod,20
DEP-REL-CHG:obj→parataxis,20
LENGTH-CHG:18→12,26
TED-RTED:33→33,22
DEP-REL-CHG:cc→root,4
DEP-REL-CHG:conj→compound,11
DEP-REL-CHG:root→amod,67
DEP-REL-CHG:obj→nmod,33
LENGTH-CHG:14→9,17
TED-KLEIN:21→21,28
TED-RTED:14→14,41
DEP-REL-CHG:flat→nmod:poss,5
DEP-REL-CHG:compound→case,109
DEP-REL-CHG:flat→det,8
DEP-REL-CHG:amod→punct,49
LENGTH-CHG:21→15,10
CONST-REM:VP-REM→ABSENT,52
CLAUSE-TYPE-CHG:verbal→verbless,55
TED-RTED:32→32,22
DEP-REL-CHG:compound→flat,26
DEP-REL-CHG:obl:unmarked→amod,3
DEP-REL-CHG:amod→flat,16
DEP-REL-CHG:appos→root,4
DEP-REL-CHG:flat→advmod,10
DEP-REL-CHG:root→obl,48
TED-ZHANG-SHASHA:20→20,36
TED-KLEIN:29→29,6
TED-RTED:24→24,32
DEP-REL-CHG:nsubj→nmod:poss,31
DEP-REL-CHG:flat→case,38
DEP-REL-CHG:mark→nmod:poss,8
DEP-REL-CHG:case→root,31
DEP-REL-CHG:cop→appos,10
DEP-REL-CHG:nmod:poss→flat,10
TED-ZHANG-SHASHA:19→19,32
DEP-REL-CHG:nsubj:pass→nsubj,42
DEP-REL-CHG:punct→cc,4
DEP-REL-CHG:cc→conj,11
DEP-REL-CHG:conj→flat,14
DEP-REL-CHG:aux:pass→flat,3
LENGTH-CHG:16→11,40
TED-RTED:15→15,48
DEP-REL-CHG:nsubj→compound:prt,2
DEP-REL-CHG:aux→amod,41
DEP-REL-CHG:compound:prt→punct,3
DEP-REL-CHG:nummod→mark,7
DEP-REL-CHG:punct→advcl,9
DEP-REL-CHG:mark→case,55
DEP-REL-CHG:advcl→obl,9
DEP-REL-CHG:det→nummod,38
DEP-REL-CHG:det→nmod:poss,28
DEP-REL-CHG:nmod:poss→case,52
DEP-REL-CHG:case→nsubj,19
DEP-REL-CHG:det→xcomp,9
DEP-REL-CHG:iobj→obj,4
DEP-REL-CHG:xcomp→amod,6
LENGTH-CHG:17→11,24
TED-KLEIN:20→20,26
FW-ADD:ABSENT→ADP-ADD,107
DEP-REL-CHG:nsubj→obl:unmarked,9
DEP-REL-CHG:root→nsubj,38
DEP-REL-CHG:punct→obj,65
DEP-REL-CHG:nummod→flat,4
DEP-REL-CHG:obl:unmarked→case,8
DEP-REL-CHG:advmod→nmod:poss,3
DEP-REL-CHG:punct→case,73
DEP-REL-CHG:ccomp→nmod,14
LENGTH-CHG:24→14,3
CONST-REM:QP-REM→ABSENT,50
TED-RTED:37→37,15
DEP-REL-CHG:nsubj:pass→acl,16
DEP-REL-CHG:aux:pass→compound,14
DEP-REL-CHG:compound→nummod,31
DEP-REL-CHG:obl→obl:unmarked,3
DEP-REL-CHG:acl→advmod,2
LENGTH-CHG:19→12,14
TED-RTED:20→20,35
DEP-REL-CHG:nummod→obl,32
DEP-REL-CHG:case→nmod,118
DEP-REL-CHG:nmod→punct,20
LENGTH-CHG:14→12,24
DEP-REL-CHG:nsubj:pass→root,42
DEP-REL-CHG:aux:pass→case,41
POS-CHG:ADJ→NOUN,7
DEP-REL-CHG:aux→compound,65
DEP-REL-CHG:csubj→nsubj,1
DEP-REL-CHG:nmod:poss→parataxis,2
DEP-REL-CHG:case→obj,35
LENGTH-CHG:23→11,1
TED-RTED:44→44,4
DEP-REL-CHG:mark→obl,18
DEP-REL-CHG:advcl→punct,18
DEP-REL-CHG:det→parataxis,13
LENGTH-CHG:11→9,14
TED-KLEIN:32→32,2
TED-RTED:25→25,37
DEP-REL-CHG:nsubj:pass→case,29
DEP-REL-CHG:nummod→acl,3
DEP-REL-CHG:nmod→advmod,6
DEP-REL-CHG:advmod→case,32
DEP-REL-CHG:advmod→obl,10
DEP-REL-CHG:nummod→root,13
DEP-REL-CHG:compound→xcomp,12
LENGTH-CHG:15→7,1
TED-ZHANG-SHASHA:24→24,13
DEP-REL-CHG:nmod→mark,7
DEP-REL-CHG:conj→case,18
DEP-REL-CHG:nmod→acl:relcl,2
DEP-REL-CHG:acl:relcl→root,2
DEP-REL-CHG:aux→obl,28
DEP-REL-CHG:nsubj→obl,18
DEP-REL-CHG:advmod→advcl,4
DEP-REL-CHG:compound→obl,60
DEP-REL-CHG:acl→appos,4
TED-ZHANG-SHASHA:30→30,13
DEP-REL-CHG:root→aux,14
DEP-REL-CHG:mark→advmod,16
DEP-REL-CHG:conj→amod,5
DEP-REL-CHG:amod→appos,14
DEP-REL-CHG:nsubj→nsubj:pass,10
DEP-REL-CHG:nsubj:pass→xcomp,2
DEP-REL-CHG:aux:pass→obj,5
DEP-REL-CHG:ccomp→nummod,7
DEP-REL-CHG:xcomp→punct,14
DEP-REL-CHG:punct→appos,40
DEP-REL-CHG:obj→flat,28
DEP-REL-CHG:flat→cop,6
DEP-REL-CHG:punct→xcomp,8
DEP-REL-CHG:punct→det,11
DEP-REL-CHG:nsubj→amod,42
DEP-REL-CHG:cop→amod,10
DEP-REL-CHG:ccomp→compound,22
DEP-REL-CHG:mark→obj,52
DEP-REL-CHG:det→appos,26
LENGTH-CHG:18→13,27
TED-RTED:23→23,36
DEP-REL-CHG:det→case,111
DEP-REL-CHG:obj→nmod:poss,11
DEP-REL-CHG:flat→compound,16
DEP-REL-CHG:amod→nmod:poss,7
DEP-REL-CHG:nmod:poss→compound,32
HEAD-CHG:7→6,7
LENGTH-CHG:15→12,39
FORM-CHG:helped→helps,2
HEAD-CHG:11→10,8
TED-KLEIN:6→6,19
DEP-REL-CHG:flat→nsubj:pass,2
DEP-REL-CHG:nsubj:pass→advmod,2
DEP-REL-CHG:nsubj→aux,34
DEP-REL-CHG:acl:relcl→compound:prt,1
DEP-REL-CHG:aux→dep,2
DEP-REL-CHG:cop→nummod,2
DEP-REL-CHG:det→mark,21
DEP-REL-CHG:root→acl,36
DEP-REL-CHG:mark→nummod,13
DEP-REL-CHG:csubj→obj,3
DEP-REL-CHG:nummod→case,33
DEP-REL-CHG:compound→advmod,9
DEP-REL-CHG:ccomp→mark,7
DEP-REL-CHG:obj→advcl,28
DEP-REL-CHG:nummod→obj,47
DEP-REL-CHG:mark→nmod,10
LENGTH-CHG:20→14,18
DEP-REL-CHG:root→nmod,15
DEP-REL-CHG:nsubj→acl,11
DEP-REL-CHG:cop→advmod,6
DEP-REL-CHG:ccomp→flat,22
TED-RTED:29→29,23
DEP-REL-CHG:nummod→punct,53
DEP-REL-CHG:punct→obl:unmarked,21
DEP-REL-CHG:punct→parataxis,23
DEP-REL-CHG:amod→nummod,12
DEP-REL-CHG:root→obl:unmarked,6
DEP-REL-CHG:nummod→amod,13
DEP-REL-CHG:punct→nmod,33
DEP-REL-CHG:obj→acl,7
LENGTH-CHG:23→17,4
DEP-REL-CHG:aux:pass→nmod,6
LENGTH-CHG:18→9,3
TED-KLEIN:26→26,7
LENGTH-CHG:8→6,1
CONST-ADD:ABSENT→ADJP-ADD,40
DEP-REL-CHG:appos→punct,8
DEP-REL-CHG:aux→det,12
LENGTH-CHG:12→9,27
TED-ZHANG-SHASHA:10→10,47
TED-KLEIN:19→19,22
DEP-REL-CHG:nmod→flat,7
FW-ADD:ABSENT→ART-ADD,7
DEP-REL-CHG:obl→det,3
DEP-REL-CHG:obl→compound,21
DEP-REL-CHG:cc→parataxis,20
TED-KLEIN:18→18,38
DEP-REL-CHG:advmod→compound,11
DEP-REL-CHG:advcl→mark,4
DEP-REL-CHG:ccomp→obj,28
DEP-REL-CHG:advcl→obj,16
DEP-REL-CHG:appos→case,8
DEP-REL-CHG:punct→compound,77
DEP-REL-CHG:acl→nsubj,3
DEP-REL-CHG:obl:agent→nummod,2
LENGTH-CHG:18→11,12
TED-ZHANG-SHASHA:33→33,5
DEP-REL-CHG:det→obl:unmarked,4
DEP-REL-CHG:compound→amod,36
DEP-REL-CHG:amod→mark,16
LENGTH-CHG:20→17,3
DEP-REL-CHG:compound→det,11
DEP-REL-CHG:mark→amod,26
DEP-REL-CHG:xcomp→nmod,1
CONST-ADD:ABSENT→PP-ADD,23
TOKEN-REORDER:POST→POST,2
TED-KLEIN:33→33,1
DEP-REL-CHG:amod→advmod,7
DEP-REL-CHG:advmod→amod,6
DEP-REL-CHG:root→parataxis,10
DEP-REL-CHG:cc→obj,16
LENGTH-CHG:15→11,40
DEP-REL-CHG:aux→nmod:poss,23
TED-KLEIN:8→8,9
DEP-REL-CHG:nmod→appos,12
DEP-REL-CHG:cc→case,14
DEP-REL-CHG:nsubj→case,82
DEP-REL-CHG:case→conj,6
DEP-REL-CHG:conj→nmod,8
DEP-REL-CHG:xcomp→appos,8
DEP-REL-CHG:aux→mark,72
LENGTH-CHG:10→8,4
DEP-REL-CHG:nsubj→csubj,6
DEP-REL-CHG:aux→compound:prt,7
DEP-REL-CHG:csubj→aux,1
DEP-REL-CHG:compound:prt→advmod,2
DEP-REL-CHG:aux→xcomp,23
DEP-REL-CHG:nmod:poss→mark,10
DEP-REL-CHG:case→xcomp,7
DEP-REL-CHG:nmod→case,20
FORM-CHG:reached→reach,1
FEAT-CHG:Number=Sing→Number=Plur,6
TED-RTED:11→11,40
DEP-REL-CHG:cop→root,8
DEP-REL-CHG:compound→aux,8
DEP-REL-CHG:aux→appos,11
LENGTH-CHG:18→10,4
LEMMA-CHG:Day→day,1
DEP-REL-CHG:nsubj:pass→mark,7
DEP-REL-CHG:aux:pass→advmod,3
DEP-REL-CHG:advmod→acl,3
HEAD-CHG:8→7,5
DEP-REL-CHG:compound→nsubj:pass,4
DEP-REL-CHG:aux:pass→mark,13
DEP-REL-CHG:root→advcl,15
DEP-REL-CHG:advcl→nummod,6
DEP-REL-CHG:det→obj,77
TED-RTED:10→10,48
DEP-REL-CHG:obj→nummod,33
DEP-REL-CHG:nmod→det,1
DEP-REL-CHG:cc→appos,7
DEP-REL-CHG:nummod→appos,9
DEP-REL-CHG:det→flat,24
LENGTH-CHG:18→15,6
TED-ZHANG-SHASHA:27→27,10
TED-KLEIN:23→23,12
LENGTH-CHG:13→9,18
DEP-REL-CHG:obj→amod,23
DEP-REL-CHG:amod→nmod,26
DEP-REL-CHG:root→iobj,5
DEP-REL-CHG:punct→aux,10
DEP-REL-CHG:nmod:poss→nsubj,10
DEP-REL-CHG:nsubj→ccomp,11
LENGTH-CHG:19→14,24
DEP-REL-CHG:mark→parataxis,10
TED-RTED:43→43,7
DEP-REL-CHG:punct→obl,41
DEP-REL-CHG:amod→case,51
TED-KLEIN:15→15,39
DEP-REL-CHG:punct→discourse,4
DEP-REL-CHG:appos→mark,2
DEP-REL-CHG:punct→acl,5
DEP-REL-CHG:root→discourse,2
DEP-REL-CHG:appos→compound,3
LENGTH-CHG:22→16,10
TED-RTED:39→39,18
FW-ADD:ABSENT→AUX-ADD,48
DEP-REL-CHG:det→nsubj:pass,7
DEP-REL-CHG:nsubj:pass→amod,4
HEAD-CHG:14→13,3
TED-RTED:30→30,20
DEP-REL-CHG:compound→nmod:poss,13
DEP-REL-CHG:nmod→compound,14
DEP-REL-CHG:parataxis→obj,2
DEP-REL-CHG:obj→mark,25
DEP-REL-CHG:nsubj→advcl,11
DEP-REL-CHG:advcl→case,18
LENGTH-CHG:16→15,2
TED-ZHANG-SHASHA:17→17,36
DEP-REL-CHG:obl→mark,12
DEP-REL-CHG:det→advcl,11
TED-ZHANG-SHASHA:11→11,36
DEP-REL-CHG:obj→acl:relcl,7
DEP-REL-CHG:acl:relcl→compound,6
DEP-REL-CHG:iobj→nummod,1
LENGTH-CHG:20→15,16
DEP-REL-CHG:root→det,17
TED-ZHANG-SHASHA:7→7,18
TED-RTED:7→7,18
DEP-REL-CHG:ccomp→parataxis,14
DEP-REL-CHG:cc→obl,8
DEP-REL-CHG:aux→nummod,23
LENGTH-CHG:23→15,6
DEP-REL-CHG:acl:relcl→case,4
DEP-REL-CHG:obj→obl,58
DEP-REL-CHG:root→nmod:poss,27
DEP-REL-CHG:nmod:poss→nummod,4
LENGTH-CHG:17→12,34
DEP-REL-CHG:case→cop,4
DEP-REL-CHG:nmod→root,14
DEP-REL-CHG:acl→case,14
DEP-REL-CHG:cop→punct,18
DEP-REL-CHG:mark→advcl,38
DEP-REL-CHG:det→compound:prt,4
DEP-REL-CHG:ccomp→advcl,11
DEP-REL-CHG:root→nsubj:pass,6
DEP-REL-CHG:advmod→aux:pass,1
DEP-REL-CHG:csubj:pass→punct,1
DEP-REL-CHG:flat→advcl,2
DEP-REL-CHG:advcl→aux,2
DEP-REL-CHG:nmod:poss→root,7
DEP-REL-CHG:nsubj→cc:preconj,1
DEP-REL-CHG:root→appos,4
DEP-REL-CHG:cc:preconj→obj,1
DEP-REL-CHG:nsubj→fixed,2
DEP-REL-CHG:conj→parataxis,5
TED-RTED:26→26,34
FEAT-CHG:Degree=ABSENT→Degree=Pos,1
DEP-REL-CHG:nsubj:pass→obl:unmarked,1
DEP-REL-CHG:aux→nmod,13
DEP-REL-CHG:xcomp→obl,14
LENGTH-CHG:20→12,7
HEAD-CHG:3→4,3
HEAD-CHG:6→5,17
TED-SIMPLE:9→9,4
DEP-REL-CHG:mark→obl:unmarked,2
DEP-REL-CHG:amod→parataxis,8
DEP-REL-CHG:obj→ccomp,4
LENGTH-CHG:21→14,13
DEP-REL-CHG:appos→obl,2
TED-ZHANG-SHASHA:9→9,35
DEP-REL-CHG:nummod→discourse,2
DEP-REL-CHG:obl→nmod:poss,5
DEP-REL-CHG:flat→nmod,6
DEP-REL-CHG:flat→appos,7
DEP-REL-CHG:obl→nmod,26
TED-ZHANG-SHASHA:34→34,5
DEP-REL-CHG:case→nmod:poss,24
DEP-REL-CHG:aux:pass→acl,15
DEP-REL-CHG:advcl→amod,12
FORM-CHG:planned→plan,1
DEP-REL-CHG:amod→advcl,4
DEP-REL-CHG:nmod→parataxis,8
DEP-REL-CHG:nsubj→nmod,21
LENGTH-CHG:23→16,5
TED-RTED:61→61,1
DEP-REL-CHG:ccomp→case,36
DEP-REL-CHG:obl→appos,20
LENGTH-CHG:18→14,17
DEP-REL-CHG:ccomp→nsubj,5
DEP-REL-CHG:det→acl:relcl,5
DEP-REL-CHG:acl:relcl→obl,2
DEP-REL-CHG:det→advmod,14
DEP-REL-CHG:punct→mark,8
TED-RTED:35→35,12
DEP-REL-CHG:flat→mark,15
DEP-REL-CHG:obj→dep,5
TED-KLEIN:35→35,1
DEP-REL-CHG:acl→amod,7
DEP-REL-CHG:nmod:poss→obj,24
FORM-CHG:'s→',1
DEP-REL-CHG:mark→cop,10
DEP-REL-CHG:nmod:poss→appos,6
TED-ZHANG-SHASHA:18→18,35
DEP-REL-CHG:root→acl:relcl,4
DEP-REL-CHG:nsubj→appos,13
LENGTH-CHG:16→10,15
TED-KLEIN:36→36,1
DEP-REL-CHG:compound→aux:pass,3
LENGTH-CHG:15→10,21
DEP-REL-CHG:advcl→nmod:poss,6
HEAD-CHG:4→1,1
TED-KLEIN:27→27,5
DEP-REL-CHG:aux:pass→amod,6
LEMMA-CHG:Reliance→reliance,2
LEMMA-CHG:Entertainment→entertainment,1
TED-KLEIN:5→5,6
DEP-REL-CHG:nsubj:pass→obl,3
DEP-REL-CHG:aux:pass→advcl,5
DEP-REL-CHG:cop→nmod,8
DEP-REL-CHG:det→conj,5
DEP-REL-CHG:ccomp→xcomp,8
DEP-REL-CHG:cop→parataxis,10
HEAD-CHG:14→12,1
DEP-REL-CHG:obj→appos,18
DEP-REL-CHG:advcl→compound,19
TED-RTED:36→36,11
DEP-REL-CHG:compound:prt→obl,2
DEP-REL-CHG:det→acl,8
DEP-REL-CHG:nmod→nummod,8
DEP-REL-CHG:acl→punct,7
DEP-REL-CHG:compound→parataxis,10
DEP-REL-CHG:punct→compound:prt,5
LENGTH-CHG:21→13,10
TED-RTED:17→17,38
DEP-REL-CHG:nmod→nmod:poss,5
DEP-REL-CHG:obl:agent→mark,2
DEP-REL-CHG:flat→acl,7
DEP-REL-CHG:punct→orphan,1
CONST-ADD:ABSENT→ADVP-ADD,22
DEP-REL-CHG:nmod:poss→obl,20
DEP-REL-CHG:appos→amod,3
DEP-REL-CHG:case→cc,2
DEP-REL-CHG:discourse→compound,1
DEP-REL-CHG:nmod:poss→conj,2
HEAD-CHG:1→13,1
TED-RTED:47→47,5
DEP-REL-CHG:flat→amod,5
DEP-REL-CHG:appos→compound:prt,1
DEP-REL-CHG:cop→obl,6
DEP-REL-CHG:obl:unmarked→appos,2
DEP-REL-CHG:cc→flat,3
DEP-REL-CHG:flat→obl,7
DEP-REL-CHG:appos→obj,3
DEP-REL-CHG:obj→obl:unmarked,3
DEP-REL-CHG:case→acl,10
LENGTH-CHG:14→8,2
DEP-REL-CHG:nmod→obl,10
LENGTH-CHG:20→11,4
DEP-REL-CHG:xcomp→obj,22
DEP-REL-CHG:acl→obl,5
DEP-REL-CHG:obj→xcomp,15
DEP-REL-CHG:conj→obj,12
DEP-REL-CHG:advmod→parataxis,6
DEP-REL-CHG:cc→advcl,2
DEP-REL-CHG:advmod→obj,14
DEP-REL-CHG:conj→xcomp,2
DEP-REL-CHG:compound→advcl,6
DEP-REL-CHG:advcl→parataxis,3
TED-RTED:42→42,7
DEP-REL-CHG:obl→compound:prt,1
TED-RTED:50→50,1
DEP-REL-CHG:mark→aux,6
DEP-REL-CHG:aux→ccomp,1
DEP-REL-CHG:ccomp→dep,2
TED-SIMPLE:4→4,1
TED-ZHANG-SHASHA:2→2,5
TED-RTED:2→2,5
DEP-REL-CHG:nsubj:pass→compound,8
DEP-REL-CHG:nmod→acl,5
DEP-REL-CHG:aux→fixed,1
HEAD-CHG:8→4,1
DEP-REL-CHG:flat→obj,12
DEP-REL-CHG:obl→flat,9
LENGTH-CHG:10→9,3
DEP-REL-CHG:fixed→root,1
LENGTH-CHG:16→9,2
FORM-CHG:co-founder→Co-founder,2
DEP-REL-CHG:root→compound:prt,7
DEP-REL-CHG:compound:prt→case,4
DEP-REL-CHG:amod→obl:agent,1
DEP-REL-CHG:obj→conj,9
HEAD-CHG:11→9,4
DEP-REL-CHG:ccomp→nmod:poss,9
DEP-REL-CHG:nummod→nsubj:pass,6
POS-CHG:NOUN→ADJ,9
DEP-REL-CHG:det→cc,5
FORM-CHG:rallied→rally,1
HEAD-CHG:9→10,3
FEAT-CHG:Tense=Pres→Tense=ABSENT,5
FEAT-CHG:VerbForm=Part→VerbForm=Ger,1
VERB-FORM-CHG:Part→Ger,1
CONST-REM:ADVP-REM→ABSENT,6
DEP-REL-CHG:xcomp→parataxis,5
DEP-REL-CHG:cc→mark,5
DEP-REL-CHG:case→advmod,8
DEP-REL-CHG:det→ccomp,3
DEP-REL-CHG:case→parataxis,13
DEP-REL-CHG:parataxis→case,2
DEP-REL-CHG:nmod:poss→nmod,12
TED-RTED:56→56,3
DEP-REL-CHG:mark→nsubj:pass,2
DEP-REL-CHG:nmod:poss→cc,1
DEP-REL-CHG:flat→conj,1
DEP-REL-CHG:case→aux:pass,3
DEP-REL-CHG:flat→list,2
DEP-REL-CHG:root→ccomp,3
TED-RTED:34→34,12
DEP-REL-CHG:compound→mark,17
LENGTH-CHG:22→12,3
TED-RTED:51→51,4
DEP-REL-CHG:punct→obl:agent,2
DEP-REL-CHG:acl→cc,1
DEP-REL-CHG:obl:agent→punct,2
DEP-REL-CHG:conj→advmod,5
DEP-REL-CHG:amod→xcomp,4
DEP-REL-CHG:xcomp→det,1
DEP-REL-CHG:obj→cc,2
DEP-REL-CHG:nsubj→iobj,5
DEP-REL-CHG:acl:relcl→mark,3
DEP-REL-CHG:iobj→nsubj,2
DEP-REL-CHG:cop→advcl,5
DEP-REL-CHG:advcl→nmod,5
DEP-REL-CHG:flat→aux:pass,4
DEP-REL-CHG:nsubj:pass→obj,2
DEP-REL-CHG:advcl→appos,5
DEP-REL-CHG:obj→nsubj,16
DEP-REL-CHG:nsubj→acl:relcl,21
POS-CHG:VERB→ADJ,2
DEP-REL-CHG:nummod→obl:unmarked,7
DEP-REL-CHG:nummod→advcl,3
DEP-REL-CHG:flat→nummod,2
DEP-REL-CHG:appos→acl,3
LEMMA-CHG:ceo→CEO,2
LENGTH-CHG:14→13,3
DEP-REL-CHG:flat→obl:unmarked,2
DEP-REL-CHG:obl:unmarked→parataxis,1
DEP-REL-CHG:cop→flat,5
TED-ZHANG-SHASHA:39→39,2
DEP-REL-CHG:case→obl:agent,4
HEAD-CHG:9→7,4
HEAD-CHG:15→11,1
FEAT-CHG:Voice=ABSENT→Voice=Pass,1
FORM-CHG:reached→reaches,1
DEP-REL-CHG:nmod:unmarked→punct,1
FEAT-CHG:Number=ABSENT→Number=Sing,5
FEAT-CHG:Mood=ABSENT→Mood=Ind,5
FEAT-CHG:Person=ABSENT→Person=3,6
FEAT-CHG:VerbForm=Part→VerbForm=Fin,4
VERB-FORM-CHG:Part→Fin,4
LENGTH-CHG:17→15,3
TED-KLEIN:31→31,5
LENGTH-CHG:26→14,1
TED-RTED:40→40,10
DEP-REL-CHG:compound→cop,3
DEP-REL-CHG:obl→parataxis,6
TED-RTED:38→38,6
DEP-REL-CHG:case→aux,10
DEP-REL-CHG:advmod→nmod,5
DEP-REL-CHG:aux:pass→xcomp,7
DEP-REL-CHG:obl:agent→nmod,1
FORM-CHG:used→use,1
LENGTH-CHG:15→14,2
DEP-REL-CHG:conj→cc,1
DEP-REL-CHG:compound:prt→conj,1
DEP-REL-CHG:aux→iobj,2
DEP-REL-CHG:advmod→nsubj,2
DEP-REL-CHG:ccomp→amod,5
DEP-REL-CHG:punct→cop,8
DEP-REL-CHG:mark→appos,14
LENGTH-CHG:22→13,5
DEP-REL-CHG:iobj→compound,2
DEP-REL-CHG:nmod→obj,16
DEP-REL-CHG:obl→advcl,12
HEAD-CHG:5→3,3
DEP-REL-CHG:obl→amod,9
DEP-REL-CHG:aux:pass→nmod:poss,3
FW-ADD:ABSENT→CCONJ-ADD,4
LEMMA-CHG:new→New,1
DEP-REL-CHG:advcl→conj,1
FORM-CHG:Learning→Learnings,1
HEAD-CHG:9→6,5
DEP-REL-CHG:obl→root,7
DEP-REL-CHG:compound→conj,5
DEP-REL-CHG:conj→nummod,3
HEAD-CHG:8→5,2
LENGTH-CHG:11→8,8
DEP-REL-CHG:aux:pass→punct,16
DEP-REL-CHG:conj→obl,7
DEP-REL-CHG:case→fixed,3
DEP-REL-CHG:fixed→compound,2
CONST-ADD:ABSENT→QP-ADD,10
TED-KLEIN:28→28,2
DEP-REL-CHG:ccomp→aux,1
DEP-REL-CHG:cc→nmod:poss,3
DEP-REL-CHG:nmod:poss→advmod,4
DEP-REL-CHG:advmod→cop,3
HEAD-CHG:10→12,2
LENGTH-CHG:21→16,5
DEP-REL-CHG:ccomp→aux:pass,4
DEP-REL-CHG:parataxis→dep,1
DEP-REL-CHG:advmod→flat,6
DEP-REL-CHG:case→advcl,10
DEP-REL-CHG:obl→xcomp,3
DEP-REL-CHG:mark→conj,2
LENGTH-CHG:22→17,4
DEP-REL-CHG:expl→punct,1
TED-ZHANG-SHASHA:38→38,5
DEP-REL-CHG:advmod→nummod,4
DEP-REL-CHG:advcl→obl:unmarked,1
DEP-REL-CHG:nmod→amod,4
DEP-REL-CHG:compound→obl:unmarked,3
DEP-REL-CHG:obl:unmarked→obl,3
FORM-CHG:rode→ride,1
DEP-REL-CHG:compound:prt→obj,4
LENGTH-CHG:22→15,4
TED-RTED:54→54,2
DEP-REL-CHG:cc→obl:unmarked,2
DEP-REL-CHG:nummod→parataxis,4
DEP-REL-CHG:obj→obl:agent,1
DEP-REL-CHG:obl:agent→flat,1
DEP-REL-CHG:obl:unmarked→flat,2
LENGTH-CHG:23→18,3
DEP-REL-CHG:fixed→nmod:poss,1
HEAD-CHG:15→10,1
DEP-REL-CHG:amod→cc,3
DEP-REL-CHG:nmod→xcomp,4
LENGTH-CHG:25→20,1
TED-ZHANG-SHASHA:37→37,2
DEP-REL-CHG:aux:pass→nummod,7
LENGTH-CHG:23→14,1
DEP-REL-CHG:obj→list,1
DEP-REL-CHG:obl→conj,3
HEAD-CHG:9→11,1
HEAD-CHG:9→8,4
DEP-REL-CHG:acl:relcl→nsubj,2
DEP-REL-CHG:advmod→ccomp,1
DEP-REL-CHG:amod→cop,2
DEP-REL-CHG:nsubj→det,16
DEP-REL-CHG:nummod→obl:agent,1
LENGTH-CHG:22→14,4
LENGTH-CHG:26→13,1
TED-RTED:55→55,2
DEP-REL-CHG:iobj→root,2
DEP-REL-CHG:flat→iobj,2
DEP-REL-CHG:nsubj→cop,11
DEP-REL-CHG:advmod→fixed,2
HEAD-CHG:13→11,2
DEP-REL-CHG:punct→acl:relcl,5
DEP-REL-CHG:nmod→nsubj,4
DEP-REL-CHG:compound→acl:relcl,4
DEP-REL-CHG:acl:relcl→advmod,1
DEP-REL-CHG:obl:unmarked→advmod,3
DEP-REL-CHG:csubj→det,1
DEP-REL-CHG:aux→cop,20
DEP-REL-CHG:mark→cc,4
TED-ZHANG-SHASHA:35→35,5
HEAD-CHG:4→5,3
DEP-REL-CHG:acl:relcl→det,1
LENGTH-CHG:19→15,6
DEP-REL-CHG:aux:pass→obl:agent,1
DEP-REL-CHG:obl:agent→obl,1
DEP-REL-CHG:obl→nmod:unmarked,1
HEAD-CHG:10→8,3
LENGTH-CHG:11→10,4
TED-SIMPLE:1→1,4
TED-KLEIN:2→2,4
FORM-CHG:wear→wearing,1
DEP-REL-CHG:aux→cc,5
DEP-REL-CHG:acl→flat,3
DEP-REL-CHG:advcl→xcomp,5
FEAT-CHG:VerbForm=Inf→VerbForm=Ger,1
VERB-FORM-CHG:Inf→Ger,1
DEP-REL-CHG:acl:relcl→nmod:poss,2
DEP-REL-CHG:nmod:poss→acl,1
DEP-REL-CHG:cop→obj,10
DEP-REL-CHG:expl→nmod,2
DEP-REL-CHG:acl→nmod:poss,1
DEP-REL-CHG:nsubj→aux:pass,7
DEP-REL-CHG:fixed→obj,1
DEP-REL-CHG:punct→csubj,1
HEAD-CHG:8→6,1
DEP-REL-CHG:aux:pass→compound:prt,1
DEP-REL-CHG:compound:prt→advcl,1
C-ADD:ABSENT→ADV-ADD,6
LENGTH-CHG:15→9,4
HEAD-CHG:6→3,5
LENGTH-CHG:19→11,9
DEP-REL-CHG:compound→acl,6
DEP-REL-CHG:iobj→punct,6
DEP-REL-CHG:acl→nummod,5
DEP-REL-CHG:xcomp→mark,3
DEP-REL-CHG:appos→conj,1
DEP-REL-CHG:expl→flat,2
LENGTH-CHG:21→11,2
DEP-REL-CHG:det→vocative,2
DEP-REL-CHG:det→cop,3
DEP-REL-CHG:vocative→nmod,1
TED-ZHANG-SHASHA:42→42,1
DEP-REL-CHG:xcomp→nummod,2
DEP-REL-CHG:advmod→appos,4
DEP-REL-CHG:nmod→advcl,3
HEAD-CHG:12→10,4
TED-ZHANG-SHASHA:4→4,9
TED-KLEIN:4→4,9
TED-RTED:4→4,9
DEP-REL-CHG:obj→compound:prt,2
DEP-REL-CHG:compound:prt→cop,1
DEP-REL-CHG:cop→acl,2
DEP-REL-CHG:acl→obl:agent,1
FORM-CHG:granted→grants,1
HEAD-CHG:7→5,2
LENGTH-CHG:21→12,3
TED-ZHANG-SHASHA:32→32,4
LEMMA-CHG:driving→drive,1
HEAD-CHG:12→11,4
DEP-REL-CHG:aux→conj,3
DEP-REL-CHG:xcomp→flat,6
LENGTH-CHG:12→11,6
DEP-REL-CHG:advmod→dep,1
DEP-REL-CHG:obj→advmod,4
DEP-REL-CHG:punct→list,4
DEP-REL-CHG:iobj→xcomp,2
DEP-REL-CHG:nsubj:pass→nmod,2
DEP-REL-CHG:obl→nsubj,6
DEP-REL-CHG:case→obl:unmarked,3
FORM-CHG:has→have,3
FEAT-CHG:VerbForm=Fin→VerbForm=Inf,4
VERB-FORM-CHG:Fin→Inf,4
DEP-REL-CHG:nummod→dep,1
DEP-REL-CHG:advcl→obl:agent,1
DEP-REL-CHG:obl:agent→compound,1
DEP-REL-CHG:conj→nsubj,11
DEP-REL-CHG:case→dep,2
FORM-CHG:took→takes,3
DEP-REL-CHG:obl→aux,1
DEP-REL-CHG:advmod→acl:relcl,1
LENGTH-CHG:23→12,1
DEP-REL-CHG:root→csubj,1
DEP-REL-CHG:xcomp→cop,1
DEP-REL-CHG:obj→aux,3
DEP-REL-CHG:acl:relcl→obj,10
DEP-REL-CHG:flat→xcomp,5
DEP-REL-CHG:cc→amod,4
FEAT-CHG:Number=Plur→Number=Sing,8
DEP-REL-CHG:det→fixed,1
DEP-REL-CHG:flat→dep,1
DEP-REL-CHG:discourse→flat,1
DEP-REL-CHG:flat→cc,1
DEP-REL-CHG:xcomp→advcl,3
DEP-REL-CHG:aux:pass→obl:unmarked,1
DEP-REL-CHG:obl:unmarked→nmod:poss,1
DEP-REL-CHG:iobj→amod,1
DEP-REL-CHG:root→obl:agent,1
DEP-REL-CHG:acl:relcl→advcl,2
LENGTH-CHG:20→16,4
HEAD-CHG:10→7,2
DEP-REL-CHG:amod→nsubj:pass,2
DEP-REL-CHG:aux:pass→parataxis,2
FORM-CHG:grew→grows,1
DEP-REL-CHG:amod→obl:unmarked,3
DEP-REL-CHG:obl:unmarked→punct,4
DEP-REL-CHG:parataxis→nummod,1
LEMMA-CHG:intelligence→Intelligence,1
TED-ZHANG-SHASHA:3→3,1
TED-KLEIN:3→3,1
TED-RTED:3→3,1
DEP-REL-CHG:obl:unmarked→obj,1
DEP-REL-CHG:acl:relcl→xcomp,1
LENGTH-CHG:21→17,1
DEP-REL-CHG:aux→discourse,1
DEP-REL-CHG:acl→mark,2
LENGTH-CHG:13→14,1
DEP-REL-CHG:compound:prt→parataxis,1
DEP-REL-CHG:nsubj→dep,1
DEP-REL-CHG:flat→advcl:relcl,1
DEP-REL-CHG:case→nsubj:pass,1
DEP-REL-CHG:nsubj:pass→nmod:poss,1
DEP-REL-CHG:appos→aux:pass,1
DEP-REL-CHG:csubj→root,2
DEP-REL-CHG:amod→det,7
DEP-REL-CHG:obl:agent→case,1
TED-ZHANG-SHASHA:28→28,4
DEP-REL-CHG:amod→aux:pass,2
DEP-REL-CHG:aux→nsubj:pass,1
DEP-REL-CHG:compound→nmod:unmarked,6
DEP-REL-CHG:aux:pass→det,1
DEP-REL-CHG:ccomp→obl:agent,1
POS-CHG:ADJ→VERB,3
LEMMA-CHG:Emerging→emerge,1
DEP-REL-CHG:nsubj:pass→nummod,1
DEP-REL-CHG:aux→obl:unmarked,2
DEP-REL-CHG:punct→nmod:unmarked,1
LENGTH-CHG:19→9,1
DEP-REL-CHG:compound:prt→nsubj:pass,1
HEAD-CHG:2→4,2
LENGTH-CHG:24→16,2
HEAD-CHG:15→12,1
TED-ZHANG-SHASHA:31→31,3
DEP-REL-CHG:fixed→obl,3
TED-KLEIN:37→37,1
HEAD-CHG:13→12,3
DEP-REL-CHG:flat→parataxis,2
DEP-REL-CHG:advmod→aux,2
DEP-REL-CHG:csubj→punct,1
DEP-REL-CHG:ccomp→root,2
HEAD-CHG:6→2,1
DEP-REL-CHG:acl:relcl→obl:unmarked,1
DEP-REL-CHG:xcomp→compound:prt,1
LENGTH-CHG:25→15,3
HEAD-CHG:3→6,1
DEP-REL-CHG:expl→case,3
DEP-REL-CHG:nummod→advmod,2
LENGTH-CHG:25→17,2
TED-RTED:60→60,2
TED-ZHANG-SHASHA:40→40,2
DEP-REL-CHG:nsubj:pass→punct,11
DEP-REL-CHG:aux:pass→conj,1
TED-SIMPLE:8→8,1
DEP-REL-CHG:obl→advmod,4
DEP-REL-CHG:case→ccomp,1
DEP-REL-CHG:cc→cop,2
DEP-REL-CHG:conj→ccomp,1
DEP-REL-CHG:advcl→nsubj,1
LENGTH-CHG:12→8,6
DEP-REL-CHG:nmod:unmarked→obj,1
DEP-REL-CHG:acl→det,1
DEP-REL-CHG:det→aux:pass,1
DEP-REL-CHG:nsubj:pass→conj,3
DEP-REL-CHG:cop→aux,3
DEP-REL-CHG:advcl→cop,1
LENGTH-CHG:17→9,1
HEAD-CHG:4→2,3
FORM-CHG:smashed→smashes,2
DEP-REL-CHG:compound→discourse,1
DEP-REL-CHG:amod→acl,5
DEP-REL-CHG:obl→dep,1
DEP-REL-CHG:ccomp→cc,3
HEAD-CHG:8→9,2
DEP-REL-CHG:compound:prt→amod,1
HEAD-CHG:4→7,2
DEP-REL-CHG:xcomp→nsubj,2
DEP-REL-CHG:obl:agent→advcl,1
DEP-REL-CHG:iobj→mark,1
DEP-REL-CHG:mark→compound:prt,3
DEP-REL-CHG:nmod→ccomp,1
DEP-REL-CHG:acl:relcl→parataxis,1
LENGTH-CHG:24→17,2
DEP-REL-CHG:aux→obl:agent,1
DEP-REL-CHG:advcl:relcl→parataxis,1
DEP-REL-CHG:obl:agent→nmod:poss,1
DEP-REL-CHG:cop→conj,2
DEP-REL-CHG:conj→cop,1
LENGTH-CHG:19→16,3
DEP-REL-CHG:cop→obl:unmarked,1
DEP-REL-CHG:ccomp→acl,2
DEP-REL-CHG:punct→dep,1
LENGTH-CHG:24→13,1
DEP-REL-CHG:cc→aux:pass,1
FORM-CHG:be→'s,1
DEP-REL-CHG:nsubj→expl,1
DEP-REL-CHG:expl→mark,1
DEP-REL-CHG:aux→expl,1
DEP-REL-CHG:expl→appos,1
FEAT-CHG:Tense=ABSENT→Tense=Pres,2
FEAT-CHG:VerbForm=Inf→VerbForm=Fin,1
VERB-FORM-CHG:Inf→Fin,1
DEP-REL-CHG:compound:prt→compound,3
HEAD-CHG:6→4,2
DEP-REL-CHG:nummod→xcomp,1
FORM-CHG:years→yrs,1
LENGTH-CHG:25→12,1
DEP-REL-CHG:cop→det,4
DEP-REL-CHG:obl:agent→conj,1
DEP-REL-CHG:case→nmod:unmarked,2
DEP-REL-CHG:aux:pass→appos,2
DEP-REL-CHG:mark→ccomp,5
DEP-REL-CHG:obl:unmarked→nsubj,2
DEP-REL-CHG:appos→xcomp,1
DEP-REL-CHG:mark→list,1
DEP-REL-CHG:amod→conj,3
LENGTH-CHG:19→17,1
DEP-REL-CHG:xcomp→nmod:poss,3
LENGTH-CHG:11→7,2
DEP-REL-CHG:cop→mark,1
DEP-REL-CHG:conj→mark,2
DEP-REL-CHG:advcl→advmod,3
DEP-REL-CHG:punct→ccomp,2
DEP-REL-CHG:csubj→cop,1
DEP-REL-CHG:xcomp→cc,1
DEP-REL-CHG:nmod→obl:unmarked,3
DEP-REL-CHG:ccomp→cop,2
FORM-CHG:has→'ve,1
DEP-REL-CHG:cc→xcomp,2
FEAT-CHG:Person=3→Person=1,1
DEP-REL-CHG:cc→nsubj:pass,1
DEP-REL-CHG:nsubj:pass→compound:prt,1
DEP-REL-CHG:nmod→iobj,1
DEP-REL-CHG:conj→aux,2
DEP-REL-CHG:iobj→acl:relcl,1
DEP-REL-CHG:appos→nsubj,2
HEAD-CHG:5→2,1
FORM-CHG:limits→limit,1
DEP-REL-CHG:parataxis→cc,1
DEP-REL-CHG:conj→list,1
DEP-REL-CHG:aux→list,1
LEMMA-CHG:be→'s,1
DEP-REL-CHG:expl→amod,1
DEP-REL-CHG:iobj→flat,1
DEP-REL-CHG:acl→list,1
DEP-REL-CHG:acl:relcl→appos,3
HEAD-CHG:11→8,1
DEP-REL-CHG:acl→root,2
HEAD-CHG:10→9,2
DEP-REL-CHG:det→discourse,1
LENGTH-CHG:25→18,1
DEP-REL-CHG:obl:agent→root,1
DEP-REL-CHG:nsubj:pass→parataxis,1
LENGTH-CHG:27→19,1
FORM-CHG:he→him,1
FEAT-CHG:Case=Nom→Case=Acc,1
FORM-CHG:taken→takes,1
DEP-REL-CHG:nummod→nmod:poss,1
HEAD-CHG:3→8,1
DEP-REL-CHG:case→acl:relcl,2
DEP-REL-CHG:acl:relcl→amod,1
TED-RTED:48→48,3
DEP-REL-CHG:flat→acl:relcl,1
HEAD-CHG:9→5,1
DEP-REL-CHG:iobj→nmod:poss,1
LEMMA-CHG:Boo→boo,1
DEP-REL-CHG:nsubj→discourse,2
HEAD-CHG:1→3,2
TOKEN-REORDER:FRONT→FRONT,1
DEP-REL-CHG:nmod:poss→xcomp,2
LENGTH-CHG:25→13,1
LEMMA-CHG:Industries→industry,1
DEP-REL-CHG:advcl→compound:prt,1
DEP-REL-CHG:ccomp→conj,1
DEP-REL-CHG:case→compound:prt,1
TED-KLEIN:34→34,1
FORM-CHG:attempted→attempt,1
DEP-REL-CHG:acl→xcomp,3
DEP-REL-CHG:mark→csubj,1
DEP-REL-CHG:expl→nsubj:pass,1
DEP-REL-CHG:csubj→obl:agent,1
DEP-REL-CHG:obl:agent→advmod,1
LENGTH-CHG:26→18,1
DEP-REL-CHG:xcomp→advmod,1
DEP-REL-CHG:acl:relcl→iobj,1
DEP-REL-CHG:obl→acl,3
DEP-REL-CHG:compound:prt→flat,2
TED-RTED:45→45,3
LENGTH-CHG:25→10,1
TED-RTED:53→53,1
DEP-REL-CHG:cc→fixed,1
TED-RTED:49→49,1
LENGTH-CHG:11→13,1
LENGTH-CHG:17→16,1
LENGTH-CHG:13→15,1
TED-ZHANG-SHASHA:36→36,1
DEP-REL-CHG:advcl→acl:relcl,1
LENGTH-CHG:11→18,1
DEP-REL-CHG:appos→nmod,1
LENGTH-CHG:10→12,1
DEP-REL-CHG:ccomp→obl:unmarked,1
DEP-REL-CHG:xcomp→dep,1
DEP-REL-CHG:advcl→root,2
DEP-REL-CHG:advmod→xcomp,3
DEP-REL-CHG:root→aux:pass,1
DEP-REL-CHG:discourse→case,1
DEP-REL-CHG:nummod→acl:relcl,1
DEP-REL-CHG:xcomp→acl,3
DEP-REL-CHG:expl→csubj,1
DEP-REL-CHG:csubj→parataxis,1
DEP-REL-CHG:nummod→det,1
FORM-CHG:called→calls,2
DEP-REL-CHG:advmod→det,2
DEP-REL-CHG:parataxis→punct,1
FORM-CHG:are→be,1
FEAT-CHG:Number=Plur→Number=ABSENT,1
LENGTH-CHG:24→15,1
FORM-CHG:threw→throw,1
FORM-CHG:exchanged→exchange,1
FEAT-CHG:Tense=Past→Tense=ABSENT,2
FEAT-CHG:VerbForm=Fin→VerbForm=ABSENT,2
DEP-REL-CHG:mark→acl:relcl,2
DEP-REL-CHG:nmod→cop,1
DEP-REL-CHG:obl:unmarked→nmod,2
DEP-REL-CHG:cc→nmod,2
DEP-REL-CHG:nsubj:pass→vocative,1
DEP-REL-CHG:ccomp→nsubj:pass,1
DEP-REL-CHG:obj→aux:pass,2
DEP-REL-CHG:nsubj:pass→appos,1
DEP-REL-CHG:mark→nmod:unmarked,1
FORM-CHG:released→releases,1
DEP-REL-CHG:advcl:relcl→obl,1
DEP-REL-CHG:fixed→nmod,1
TED-KLEIN:49→49,1
DEP-REL-CHG:nsubj:pass→acl:relcl,1
DEP-REL-CHG:aux:pass→nsubj,1
DEP-REL-CHG:acl→parataxis,1
DEP-REL-CHG:nummod→conj,1
DEP-REL-CHG:nmod→aux:pass,1
DEP-REL-CHG:cop→nsubj,2
LEMMA-CHG:world→World,1
HEAD-CHG:7→8,2
DEP-REL-CHG:expl→compound,1
DEP-REL-CHG:expl→nsubj,1
TED-KLEIN:30→30,1
DEP-REL-CHG:acl:relcl→punct,2
DEP-REL-CHG:obl:unmarked→compound,2
HEAD-CHG:11→7,1
DEP-REL-CHG:appos→obl:unmarked,1
HEAD-CHG:8→3,1
DEP-REL-CHG:csubj→amod,1
DEP-REL-CHG:obl→aux:pass,1
FORM-CHG:litres→litre,1
DEP-REL-CHG:compound→cc,1
DEP-REL-CHG:cop→nsubj:pass,1
FORM-CHG:criticised→criticises,1
LEMMA-CHG:Twinkle→twinkle,1
FORM-CHG:shared→shares,1
FORM-CHG:said→says,1
FORM-CHG:batted→bats,1
DEP-REL-CHG:aux:pass→aux,1
FORM-CHG:raided→raids,1
HEAD-CHG:2→3,1
FORM-CHG:sent→sends,1
DEP-REL-CHG:ccomp→fixed,2
DEP-REL-CHG:fixed→flat,2
DEP-REL-CHG:mark→obl:agent,2
DEP-REL-CHG:obl:agent→xcomp,1
LEMMA-CHG:police→Police,1
DEP-REL-CHG:nmod:poss→aux,1
DEP-REL-CHG:compound:prt→nmod,1
FORM-CHG:praised→praises,1
DEP-REL-CHG:cc→acl,1
FORM-CHG:faced→faces,1
DEP-REL-CHG:compound:prt→nummod,1
FORM-CHG:revealed→reveals,1
DEP-REL-CHG:nmod:poss→det,1
TED-ZHANG-SHASHA:43→43,1
DEP-REL-CHG:iobj→obl:unmarked,1
DEP-REL-CHG:nummod→aux,1
DEP-REL-CHG:iobj→appos,1
FORM-CHG:asked→ask,1
FORM-CHG:looted→loot,1
DEP-REL-CHG:expl→advcl,1
DEP-REL-CHG:csubj→nmod,1
FORM-CHG:raised→raises,1
FORM-CHG:is→be,1
DEP-REL-CHG:cc→det,1
DEP-REL-CHG:aux:pass→cc,1
DEP-REL-CHG:xcomp→root,1
LEMMA-CHG:IT→it,1
FEAT-CHG:Case=ABSENT→Case=Nom,1
FEAT-CHG:Gender=ABSENT→Gender=Neut,1
FEAT-CHG:PronType=ABSENT→PronType=Prs,1
DEP-REL-CHG:root→cc,1
FORM-CHG:acquired→acquires,1
FEAT-CHG:VerbForm=Ger→VerbForm=Part,1
VERB-FORM-CHG:Ger→Part,1
TED-KLEIN:40→40,1
DEP-REL-CHG:conj→acl,1
DEP-REL-CHG:cc→discourse,1
FORM-CHG:got→gets,1
DEP-REL-CHG:cc→aux,1
DEP-REL-CHG:nmod:poss→cop,1
FORM-CHG:signed→signs,1
FORM-CHG:sued→sues,1
FORM-CHG:sought→seeks,1
FORM-CHG:introduced→introduces,1
FORM-CHG:put→puts,1
DEP-REL-CHG:xcomp→obl:unmarked,1
DEP-REL-CHG:obl:unmarked→nummod,1
